{
  "version": 1,
  "author": "Anonymous maker",
  "editor": "wokwi",
  "parts": [
    { "type": "board-esp32-devkit-c-v4", "id": "esp", "top": 0, "left": 0, "attrs": {} },
    {
      "type": "wokwi-resistor",
      "id": "r1",
      "top": 32.75,
      "left": 124.8,
      "attrs": { "value": "1000" }
    },
    { "type": "wokwi-led", "id": "led1", "top": 54, "left": 157.4, "attrs": { "color": "red" } },
    {
      "type": "wokwi-resistor",
      "id": "r2",
      "top": 138.35,
      "left": 124.8,
      "attrs": { "value": "1000" }
    },
    {
      "type": "wokwi-led",
      "id": "led2",
      "top": 150,
      "left": 138.2,
      "attrs": { "color": "yellow" }
    },
    {
      "type": "wokwi-resistor",
      "id": "r3",
      "top": 99.95,
      "left": -76.8,
      "attrs": { "value": "1000" }
    },
    {
      "type": "wokwi-led",
      "id": "led3",
      "top": 130.8,
      "left": -63.4,
      "attrs": { "color": "green", "flip": "1" }
    }
  ],
  "connections": [
    [ "esp:TX", "$serialMonitor:RX", "", [] ],
    [ "esp:RX", "$serialMonitor:TX", "", [] ],
    [ "esp:23", "r1:1", "green", [ "h0" ] ],
    [ "esp:GND.3", "led1:C", "green", [ "v9.6", "h71.64" ] ],
    [ "led1:A", "r1:2", "green", [ "h9.6", "v-57.6" ] ],
    [ "esp:4", "r2:1", "green", [ "h0" ] ],
    [ "esp:GND.3", "led2:C", "green", [ "h14.44", "v105.6" ] ],
    [ "led2:A", "r2:2", "green", [ "h28.8", "v-48" ] ],
    [ "esp:25", "r3:2", "green", [ "v0" ] ],
    [ "esp:GND.1", "led3:C", "green", [ "v19.2", "h-43.01" ] ],
    [ "led3:A", "r3:1", "green", [ "h-28.4", "v-67.2" ] ]
  ],
  "dependencies": {}
}